<?xml version="1.0" encoding="UTF-8"?>
<project-private xmlns="http://www.netbeans.org/ns/project-private/1">
    <editor-bookmarks xmlns="http://www.netbeans.org/ns/editor-bookmarks/2" lastBookmarkId="0"/>
    <open-files xmlns="http://www.netbeans.org/ns/projectui-open-files/2">
        <group>
            <file>file:/C:/Users/UR%20PC/Documents/NetBeansProjects/Javasql/src/javasql/Passenger.java</file>
            <file>file:/C:/Users/UR%20PC/Documents/NetBeansProjects/Javasql/src/javasql/Ticket.java</file>
            <file>file:/C:/Users/UR%20PC/Documents/NetBeansProjects/Javasql/src/javasql/fligth.java</file>
            <file>file:/C:/Users/UR%20PC/Documents/NetBeansProjects/Javasql/src/javasql/Homepage.java</file>
            <file>file:/C:/Users/UR%20PC/Documents/NetBeansProjects/Javasql/src/javasql/cancel.java</file>
            <file>file:/C:/Users/UR%20PC/Documents/NetBeansProjects/Javasql/src/javasql/Javasql.java</file>
        </group>
    </open-files>
</project-private>
